{
    "MFJ": {
        "Bracket 1": {
            "avg_threshold_increase_pct": 0.0
        },
        "Bracket 2": {
            "avg_threshold_increase_pct": 0.024971410508694607
        },
        "Bracket 3": {
            "avg_threshold_increase_pct": 0.024927760138382285
        },
        "Bracket 4": {
            "avg_threshold_increase_pct": 0.02777476580775264
        },
        "Bracket 5": {
            "avg_threshold_increase_pct": 0.04138956381467642
        },
        "Bracket 6": {
            "avg_threshold_increase_pct": 0.02188419555524163
        },
        "Bracket 7": {
            "avg_threshold_increase_pct": 0.04585801976164803
        }
    },
    "MFS": {
        "Bracket 1": {
            "avg_threshold_increase_pct": 0.0
        },
        "Bracket 2": {
            "avg_threshold_increase_pct": 0.0249839942665818
        },
        "Bracket 3": {
            "avg_threshold_increase_pct": 0.02492776860070724
        },
        "Bracket 4": {
            "avg_threshold_increase_pct": 0.027774769822486188
        },
        "Bracket 5": {
            "avg_threshold_increase_pct": 0.041389566576449134
        },
        "Bracket 6": {
            "avg_threshold_increase_pct": 0.021884197071001383
        },
        "Bracket 7": {
            "avg_threshold_increase_pct": 0.04585802477772579
        }
    },
    "Single": {
        "Bracket 1": {
            "avg_threshold_increase_pct": 0.0
        },
        "Bracket 2": {
            "avg_threshold_increase_pct": 0.024971441829830902
        },
        "Bracket 3": {
            "avg_threshold_increase_pct": 0.02492776860070724
        },
        "Bracket 4": {
            "avg_threshold_increase_pct": 0.018811412325144196
        },
        "Bracket 5": {
            "avg_threshold_increase_pct": 0.014978765230069515
        },
        "Bracket 6": {
            "avg_threshold_increase_pct": -0.0021139253311182027
        },
        "Bracket 7": {
            "avg_threshold_increase_pct": 0.03922114483541819
        }
    },
    "HoH": {
        "Bracket 1": {
            "avg_threshold_increase_pct": 0.0
        },
        "Bracket 2": {
            "avg_threshold_increase_pct": 0.0247661886667458
        },
        "Bracket 3": {
            "avg_threshold_increase_pct": 0.024842585294203905
        },
        "Bracket 4": {
            "avg_threshold_increase_pct": 0.005325309645223053
        },
        "Bracket 5": {
            "avg_threshold_increase_pct": 0.010958514575358529
        },
        "Bracket 6": {
            "avg_threshold_increase_pct": -0.002119019925593925
        },
        "Bracket 7": {
            "avg_threshold_increase_pct": 0.0333630468510969
        }
    },
    "Overall_Average_Threshold_Increase_Pct": 0.019918074803336277
}